,Rating,Percent
0,1.0,0.7825
1,1.5,0.8480000000000001
2,1.75,0.9066666666666666
3,2.0,0.76625
4,2.25,0.74
5,2.5,0.7179133858267721
6,2.75,0.721795366795366
7,3.0,0.7177419354838692
8,3.25,0.7141254125412528
9,3.5,0.7116071428571402
10,3.75,0.7084999999999997
11,4.0,0.7080612244897964
12,5.0,0.7
